playerId,player,team,playerposition,age,exp,bye,points,lower,upper,depth chart,2017projection,Insystem,QB_status,Support_status,News_analysts
2553435,David Johnson,ARI,RB,26,2,8,275.283202,253.1501235,290.1632764,1,,,,,
2539980,Kerwynn Williams,ARI,RB,26,4,8,43.02401211,12.1084253,60.31551134,4,,,,,
2539217,Andre Ellington,ARI,RB,28,4,8,36.58236934,0,43.83900792,2,,,,,
262,Chris Johnson,ARI,RB,32,9,8,24.11157942,0,38.94253034,3,,,,,
2558273,T.J. Logan,ARI,RB,23,0,8,14.91094405,-0.52501173,31.77308307,4,,,,,
2543583,Devonta Freeman,ATL,RB,25,3,5,213.931469,201.7436736,225.8183296,1,,,,,
2508061,Antonio Brown,PIT,WR,29,7,9,205.5681272,171.793,225.9312018,,,,,,
2506363,Aaron Rodgers,GB,QB,34,12,8,328.5813596,292.9704,343.5878123,,,,,,
2552453,Tevin Coleman,ATL,RB,24,2,5,137.9781292,110.3422085,153.7426967,2,,,,,
2558112,Brian Hill,ATL,RB,22,0,5,22.01668649,7.472208505,32.54712587,3,,,,,
2495454,Julio Jones,ATL,WR,28,6,5,194.2252572,177.8973937,205.6907479,,,,,,
2553762,Terron Ward,ATL,RB,NA,NA,5,15.2514007,0,18.42088073,4,,,,,
2543496,Odell Beckham,NYG,WR,25,3,8,189.0117306,153.939,204.7178066,,,,,,
2543468,Mike Evans,TB,WR,24,3,11,187.4337757,173.1583623,197.5637728,,,,,,
2504211,Tom Brady,NE,QB,40,17,9,311.5373144,262.8178,329.8379302,,,,,,
2532851,Cyrus Gray,ATL,RB,28,5,5,0,0,0,4,,,,,
1032,Jordy Nelson,GB,WR,32,9,8,182.7601367,163.708,190.0072143,,,,,,
2543664,Terrance West,BAL,RB,26,3,10,127.6800457,108.2451303,141.9510413,1,,,,,
4327,Danny Woodhead,BAL,RB,32,9,10,111.6187258,87.8,132.2069053,2,,,,,
2555229,Kenneth Dixon,BAL,RB,23,1,10,61.46580284,-2.883870968,94.29545,3,,,,,
2495450,A.J. Green,CIN,WR,29,6,6,174.9229428,157.363,187.0833291,,,,,,
497240,Rob Gronkowski,NE,TE,28,7,9,146.8025176,122.0964748,157.4274663,,,,,,
2556370,Michael Thomas,NO,WR,23,1,5,169.5867741,161.615,175.0501577,,,,,,
2552631,Javorius Allen,BAL,RB,26,2,10,25.7432451,0,39.30521518,4,,,,,
2532865,T.Y. Hilton,IND,WR,28,5,11,165.4437495,136.7324694,179.0224038,,,,,,
2543704,Lorenzo Taliaferro,BAL,RB,26,3,10,14.40225651,-1.886817558,26.17972796,4,,,,,
2504775,Drew Brees,NO,QB,38,16,5,286.1686048,230.5358,302.7848857,,,,,,
497278,Dez Bryant,DAL,WR,29,7,6,160.8908664,142.1431209,176.6050153,,,,,,
2530747,Doug Baldwin,SEA,WR,29,6,6,159.1191078,146.0786283,170.3410276,,,,,,
2495700,Greg Olsen,CAR,TE,32,10,11,134.7907734,117.976,143.5545074,,,,,,
310,Matt Ryan,ATL,QB,32,9,5,280.1351585,240.4944,306.6371329,,,,,,
2534571,Bobby Rainey,BAL,RB,30,5,10,2.74751524,-0.404814305,5.349480122,4,,,,,
2540258,Travis Kelce,KC,TE,28,4,10,131.1720354,122.1622085,137.4304901,,,,,,
2552383,Terrence Magee,BAL,RB,24,2,10,0,0,0,4,,,,,
2532975,Russell Wilson,SEA,QB,29,5,6,278.305533,231.2768,295.0689271,,,,,,
79607,LeSean McCoy,BUF,RB,29,8,6,216.2844347,189.2049931,235.0668476,1,,,,,
2555227,Jonathan Williams,BUF,RB,23,1,6,70.69176059,28.747,86.75127272,2,,,,,
2540160,Jordan Reed,WAS,TE,27,4,5,129.1108493,110.3111101,136.1261822,,,,,,
2552487,Amari Cooper,OAK,WR,23,2,10,150.2593056,105.193,168.3595204,,,,,,
2507428,Mike Tolbert,BUF,RB,32,9,6,25.39474702,0,36.15315323,3,,,,,
2535696,Joe Banyard,BUF,RB,29,5,6,6.258214949,-0.23558794,13.96255975,4,,,,,
2543498,Brandin Cooks,NE,WR,24,3,9,147.9753593,125.4774025,161.8009852,,,,,,
2540165,DeAndre Hopkins,HOU,WR,25,4,7,146.2816355,126.15,154.0430769,,,,,,
2530763,Patrick DiMarco,BUF,RB,28,6,6,6.167238446,0,11.49652654,4,,,,,
2533031,Andrew Luck,IND,QB,28,5,11,269.984217,219.4888,290.9400643,,,,,,
2557997,Christian McCaffrey,CAR,RB,21,0,11,131.5848406,54,163.9102649,1,,,,,
2543457,Sammy Watkins,BUF,WR,24,3,6,144.2751933,134.9010398,151.2327627,,,,,,
2543509,Allen Robinson,JAC,WR,24,3,8,143.5443575,125.0568579,160.060328,,,,,,
497328,Demaryius Thomas,DEN,WR,30,7,5,143.2187092,122.7683128,159.786211,,,,,,
949,Jonathan Stewart,CAR,RB,30,9,11,124.6245555,97.96,146.4087736,2,,,,,
2536340,Justin Tucker,BAL,K,28,5,10,157.6650572,151.3465731,161.696425,,,,,,
2552375,Cameron Artis-Payne,CAR,RB,25,2,11,31.33437577,0,49.59506116,3,,,,,
71269,Michael Crabtree,OAK,WR,30,8,10,139.9766352,115.224,146.7073092,,,,,,
238498,Julian Edelman,NE,WR,31,8,9,139.4586705,123.5818363,159.3627796,,,,,,
2556214,Tyreek Hill,KC,WR,23,1,10,139.0926973,117.7359753,148.5073423,,,,,,
2495455,Cam Newton,CAR,QB,28,6,11,264.2285238,197.297,285.5009948,,,,,,
2543488,Jarvis Landry,MIA,WR,25,3,11,138.9041293,125.2695061,147.4137861,,,,,,
2543471,Kelvin Benjamin,CAR,WR,26,3,11,138.5864018,117.184,150.9452561,,,,,,
2540037,Fozzy Whittaker,CAR,RB,28,5,11,24.50695756,6.754156379,38.82733963,4,,,,,
2504797,Matt Bryant,ATL,K,42,15,5,153.7659573,147,162.8852886,,,,,,
497236,Jimmy Graham,SEA,TE,31,7,6,114.520855,84.48147959,133.0010443,,,,,,
2507737,Darrel Young,CAR,RB,30,8,11,3.438930041,0,5.931556231,4,,,,,
2495240,Tyrod Taylor,BUF,QB,28,6,6,261.5543649,237.292,275.8311013,,,,,,
2495438,Kyle Rudolph,MIN,TE,28,6,9,113.3168417,99.13874036,122.5976699,,,,,,
2543495,Davante Adams,GB,WR,25,3,8,136.1401844,115.521285,151.7097182,,,,,,
2506922,Stephen Gostkowski,NE,K,33,11,9,151.014709,143.4874678,158.1301691,,,,,,
2555260,Dak Prescott,DAL,QB,24,1,6,260.7161834,205.081,284.7150423,,,,,,
2531332,Terrelle Pryor,WAS,WR,28,6,5,135.2931442,111.494,155.7379165,,,,,,
497326,Golden Tate,DET,WR,29,7,7,135.1461733,115.4009993,142.4943303,,,,,,
497322,Emmanuel Sanders,DEN,WR,30,7,5,134.6837847,117.791,145.3232741,,,,,,
2555418,Jordan Howard,CHI,RB,23,1,9,205.411721,188.3722085,217.6227304,1,,,,,
2495966,Delanie Walker,TEN,TE,33,11,8,109.9486703,99.824,120.2551476,,,,,,
2552379,Jeremy Langford,CHI,RB,26,2,9,46.89539834,6.018630316,61.54365304,2,,,,,
2540154,Keenan Allen,LAC,WR,25,4,8,131.5624177,114.2853577,145.372445,,,,,,
2532820,Kirk Cousins,WAS,QB,29,5,5,256.7134504,203.8022,286.8572452,,,,,,
2558250,Tarik Cohen,CHI,RB,22,0,9,37.41505352,0.263182442,58.58359715,3,,,,,
2541544,Benny Cunningham,CHI,RB,27,4,9,23.83095282,9.944156379,32.08498655,4,,,,,
100026,Cardinals,ARI,DST,NA,NA,8,182.0322111,79.9,135.7306422,,,,,,
2543551,KaDeem Carey,CHI,RB,25,3,9,15.78733676,-0.307870067,26.21657376,4,,,,,
2533039,Alshon Jeffery,PHI,WR,27,5,10,128.6434238,98.7022085,149.6644677,,,,,,
2552033,Jameis Winston,TB,QB,23,2,11,253.4286484,197.572,265.4834693,,,,,,
2506106,Larry Fitzgerald,ARI,WR,34,13,8,127.5595353,113.1675776,136.0323253,,,,,,
2540158,Zach Ertz,PHI,TE,27,4,10,104.3660253,96.37020673,114.2832188,,,,,,
2532903,Rishard Matthews,TEN,WR,28,5,8,126.6669314,103.3907637,141.29198,,,,,,
2540148,Tyler Eifert,CIN,TE,27,4,6,103.3482018,91.84513032,114.9467051,,,,,,
79860,Matthew Stafford,DET,QB,29,8,7,251.5278323,193.073,270.8077866,,,,,,
2503471,Adam Vinatieri,IND,K,45,21,11,141.0306767,136.5323365,147.0380038,,,,,,
2495259,Dan Bailey,DAL,K,29,6,6,140.8810765,133.9329387,145.9861035,,,,,,
2557976,Joe Mixon,CIN,RB,21,0,6,137.2969177,47.615,162.5229494,1,,,,,
2495893,Brandon Marshall,NYG,WR,33,11,8,124.9879943,105.604,138.9289771,,,,,,
1581,DeSean Jackson,TB,WR,31,9,11,124.8094966,109.9766339,140.408862,,,,,,
2552608,Stefon Diggs,MIN,WR,24,2,9,124.6636798,111.3222085,133.5742214,,,,,,
2506677,Matt Prater,DET,K,33,11,7,139.8354011,134.1,145.7084281,,,,,,
2543572,Martavis Bryant,PIT,WR,26,3,9,123.1933454,81.53864001,145.4025364,,,,,,
100004,Panthers,CAR,DST,NA,NA,11,175.2301812,85.8,124.9829664,,,,,,
2553568,Cameron Meredith,CHI,WR,NA,NA,9,122.5965945,107.8810678,127.6348584,,,,,,
100009,Broncos,DEN,DST,NA,NA,5,175.0249524,76.1,125.1684647,,,,,,
2543603,Jeremy Hill,CIN,RB,25,3,6,98.57329509,55.02477279,133.168871,2,,,,,
2556601,Wil Lutz,NO,K,23,1,5,137.2460398,131.4073754,143.2889799,,,,,,
2550256,Willie Snead,NO,WR,25,3,5,121.7044977,108.269,130.9160472,,,,,,
71309,Graham Gano,CAR,K,30,8,11,137.0411328,116.8,147.3591256,,,,,,
1062,Martellus Bennett,GB,TE,30,9,8,98.4232057,77.1,114.3771489,,,,,,
2495448,Randall Cobb,GB,WR,27,6,8,121.2876742,115.1901348,127.4718373,,,,,,
497284,Eric Decker,TEN,WR,30,7,8,121.1264262,99.46142115,136.1120616,,,,,,
2540156,Giovani Bernard,CIN,RB,26,4,6,88.48943541,58.15137279,116.4667946,3,,,,,
2532968,Blair Walsh,SEA,K,27,5,6,135.9529401,128.9,143.5067192,,,,,,
2507232,Mason Crosby,GB,K,33,10,8,135.9375837,125.3,140.4796866,,,,,,
79629,Cedric Peerman,CIN,RB,31,8,6,2.560880682,0,4.767262997,4,,,,,
2539637,Caleb Sturgis,PHI,K,28,4,10,135.7047431,127.7206718,142.764244,,,,,,
2543614,Donte Moncrief,IND,WR,24,3,11,119.5470231,100.037,141.2818027,,,,,,
2552409,DeVante Parker,MIA,WR,24,2,11,119.3683535,93.26631692,137.8949963,,,,,,
2552466,Marcus Mariota,TEN,QB,24,2,8,244.4263315,170.6798985,271.7825229,,,,,,
2504257,Sebastian Janikowski,OAK,K,39,17,10,134.3640214,123.8309504,140.8037192,,,,,,
100021,Patriots,NE,DST,NA,NA,9,171.1910421,95.1,114.1950459,,,,,,
2495143,Andy Dalton,CIN,QB,30,6,6,243.913367,176.1308,261.8599989,,,,,,
2543499,Derek Carr,OAK,QB,26,3,10,243.8963353,184.7132,262.6933481,,,,,,
2539227,Dustin Hopkins,WAS,K,27,4,5,133.5333775,122.8464252,138.5098617,,,,,,
2506109,Ben Roethlisberger,PIT,QB,35,13,9,243.2682966,207.7156,251.3673377,,,,,,
100020,Vikings,MIN,DST,NA,NA,9,170.2293928,84.7,123.0218924,,,,,,
100013,Texans,HOU,DST,NA,NA,7,169.8914227,82.6,116.7168605,,,,,,
2553913,Tyrell Williams,LAC,WR,NA,NA,8,117.4438835,85,136.8402275,,,,,,
2552415,Jamison Crowder,WAS,WR,24,2,5,116.4894114,86.056,129.1107695,,,,,,
2555341,Hunter Henry,LAC,TE,23,1,8,93.55454632,45.371,112.3306214,,,,,,
2556493,Tra Carson,CIN,RB,25,1,6,0.004497937,0,0.006770642,4,,,,,
100016,Chiefs,KC,DST,NA,NA,10,168.6418894,76.5,116.4843458,,,,,,
2346,Pierre Garcon,SF,WR,31,9,11,116.0346012,50.32190239,134.509659,,,,,,
2550545,Chris Boswell,PIT,K,28,3,9,131.2935459,116.6682212,139.9794884,,,,,,
2550636,Cairo Santos,KC,K,26,3,10,131.1430448,124.7,137.3957139,,,,,,
2541556,Brandon McManus,DEN,K,26,3,5,130.9780907,126.0438452,135.9674451,,,,,,
2550189,Isaiah Crowell,CLE,RB,24,3,9,160.2716483,141.3080836,169.7640167,1,,,,,
2506194,Nick Novak,HOU,K,NA,NA,7,129.4151457,119.1662708,137.5482042,,,,,,
2552461,Duke Johnson,CLE,RB,24,2,9,106.7474464,93.809,115.7720905,2,,,,,
71217,Kenny Britt,CLE,WR,29,8,9,113.5315074,70.97026063,123.6234141,,,,,,
2556454,Brandon Wilds,CLE,RB,24,1,9,4.977084314,-0.096358543,8.52444,3,,,,,
100023,Giants,NYG,DST,NA,NA,8,165.6499094,70.3,116.3591121,,,,,,
100025,Eagles,PHI,DST,NA,NA,10,165.5844857,73.9,116.3011628,,,,,,
2507763,Mike Wallace,BAL,WR,31,8,10,113.1066233,87.285,126.3601372,,,,,,
2555218,Dan Vitale,CLE,RB,NA,1,9,4.114862989,0,7.853907069,4,,,,,
100027,Steelers,PIT,DST,NA,NA,9,165.1962302,83.6,111.1480349,,,,,,
2540232,Jack Doyle,IND,TE,27,4,11,89.7404172,59.31916893,102.2451393,,,,,,
2495150,Kai Forbath,MIN,K,30,6,9,127.6177592,121,138.0952807,,,,,,
2551357,Glenn Winston,CLE,RB,28,3,9,1.802377415,-0.6,2.905755814,4,,,,,
2543466,Eric Ebron,DET,TE,24,3,7,88.56088564,66.54123457,93.97676539,,,,,,
100017,Rams,LAC,DST,NA,NA,8,163.7746008,97,107.3329362,,,,,,
100030,Seahawks,SEA,DST,NA,NA,6,163.6087993,76,114.5757151,,,,,,
80429,Jeremy Maclin,BAL,WR,29,8,10,111.1144217,89.229,120.6610546,,,,,,
2553112,Jason Myers,JAC,K,NA,NA,8,126.3080853,118.6211543,130.6556409,,,,,,
2500351,Phil Dawson,ARI,K,42,19,8,125.9575653,101.9,131.5743507,,,,,,
100012,Titans,TEN,DST,NA,NA,8,162.9930811,91.3,110.2442703,,,,,,
2553833,Josh Lambo,LAC,K,27,2,8,125.6637837,116.5,132.0970184,,,,,,
2532884,Marvin Jones,DET,WR,27,5,7,109.5006302,92.9821277,119.1269745,,,,,,
89802,Ryan Succop,TEN,K,31,8,8,124.7351433,99.4,134.2521796,,,,,,
2506121,Philip Rivers,LAC,QB,36,13,8,233.8703394,165.795,252.1661197,,,,,,
100028,Chargers,LAR,DST,NA,NA,9,160.3047462,102,149.8561,,,,,,
2541785,Adam Thielen,MIN,WR,27,3,9,107.4455782,74.18513032,123.0151639,,,,,,
100011,Packers,GB,DST,NA,NA,8,159.7234391,71.6,110.334939,,,,,,
100002,Ravens,BAL,DST,NA,NA,10,159.6494789,73.9,108.3653198,,,,,,
2505629,Jason Witten,DAL,TE,35,14,6,84.27242939,76.03721334,90.75925638,,,,,,
2532838,Coby Fleener,NO,TE,29,5,5,84.13157101,66.615,95.11912377,,,,,,
100003,Bills,BUF,DST,NA,NA,6,159.490947,79.8,105.8674419,,,,,,
100019,Dolphins,MIA,DST,NA,NA,11,159.4518396,81.6,105.3584302,,,,,,
2550656,Cameron Brate,TB,TE,26,3,11,83.35214824,53.23332337,94.99093739,,,,,,
2556273,Darius Jackson,CLE,RB,24,1,9,1.592511199,-0.138709677,3.509215116,4,,,,,
2543500,Jordan Matthews,PHI,WR,25,3,10,105.4178684,94.26250176,113.2542639,,,,,,
100006,Bengals,CIN,DST,NA,NA,6,157.7173765,80.6,103.797718,,,,,,
2507374,Steven Hauschka,BUF,K,NA,NA,6,120.3826381,112.6412368,128.40073,,,,,,
100008,Cowboys,DAL,DST,NA,NA,6,157.2031763,74.9,104.659593,,,,,,
2540202,Kenny Stills,MIA,WR,25,4,11,104.6623624,84.86710872,117.1191306,,,,,,
2543847,John Brown,ARI,WR,27,3,8,104.397488,82.91707819,125.8976503,,,,,,
2543828,Quincy Enunwa,NYJ,WR,25,3,11,104.1510329,56.7738818,126.9168577,,,,,,
2507166,Ted Ginn,NO,WR,32,10,5,104.0586312,88.97026063,118.602311,,,,,,
2555333,Corey Coleman,CLE,WR,23,1,9,104.0059532,86.52318244,116.9327914,,,,,,
2532956,Ryan Tannehill,MIA,QB,29,5,11,228.9024313,188.416,242.5311264,,,,,,
100014,Colts,IND,DST,NA,NA,11,155.8834481,76.1,108.6035494,,,,,,
2555224,Ezekiel Elliott,DAL,RB,22,1,6,248.9942625,214.041,265.8457271,1,,,,,
2539336,Tavon Austin,LAR,WR,26,4,9,103.1438537,78.18833549,120.3183439,,,,,,
284,Darren McFadden,DAL,RB,30,9,6,65.00761726,39.3,90.73156774,2,,,,,
2543477,Blake Bortles,JAC,QB,26,3,8,226.4064069,174.813,245.4941677,,,,,,
2495139,Charles Clay,BUF,TE,28,6,6,78.21455413,66.6722085,85.58610271,,,,,,
71265,Jared Cook,OAK,TE,30,8,10,78.03965076,65.3722085,90.64186849,,,,,,
2543721,C.J. Fiedorowicz,HOU,TE,26,3,7,77.86725956,64.30214699,85.18195378,,,,,,
2505299,Antonio Gates,LAC,TE,37,14,8,77.83547453,62.22819581,87.17627796,,,,,,
2550617,Taylor Gabriel,ATL,WR,26,3,5,99.57936639,75.00352317,122.6006637,,,,,,
2495353,Julius Thomas,MIA,TE,29,6,11,76.42369065,67.40922781,84.37989587,,,,,,
2555415,Austin Hooper,ATL,TE,NA,1,5,76.02262751,55.67635818,88.16864121,,,,,,
2556771,Aldrick Rosas,NYG,K,23,1,8,113.2598369,101,117.3580022,,,,,,
2533457,Alfred Morris,DAL,RB,29,5,6,21.9363713,6.985729933,30.78823587,3,,,,,
2552656,J.J. Nelson,ARI,WR,25,2,8,96.03398432,73.865,112.8809352,,,,,,
2533040,Mohamed Sanu,ATL,WR,28,5,5,96.02161314,81.04087066,105.9767467,,,,,,
2543475,Marqise Lee,JAC,WR,26,3,8,95.06882923,54.22351352,121.699084,,,,,,
2507463,Connor Barth,CHI,K,31,9,9,109.6605905,92.8,121.3627251,,,,,,
2557856,O.J. Howard,TB,TE,23,0,11,71.34971803,22.027,99.4309475,,,,,,
2557848,Corey Davis,TEN,WR,22,0,8,94.16158049,36.15,120.0370253,,,,,,
100024,Jets,NYJ,DST,NA,NA,11,146.373797,60,104.0038692,,,,,,
2550325,Chandler Catanzaro,NYJ,K,26,3,11,109.1798299,96.76283912,117.1893564,,,,,,
2555259,Carson Wentz,PHI,QB,25,1,10,218.6095173,157.6246,244.243219,,,,,,
2553743,Rod Smith,DAL,RB,NA,NA,6,2.233950617,0,3.358176292,4,,,,,
2550400,Keith Smith,DAL,RB,25,3,6,0.739784946,0,1.253953488,4,,,,,
2505245,Carson Palmer,ARI,QB,38,14,8,218.3696176,189.9614,232.793353,,,,,,
2533437,Ronnie Hillman,DAL,RB,26,5,6,0,0,0,4,,,,,
2535698,Cole Beasley,DAL,WR,28,5,6,92.41686093,73.72415638,100.6650132,,,,,,
2505996,Eli Manning,NYG,QB,36,13,8,217.3935438,152.8188,233.3739095,,,,,,
2552597,Breshad Perriman,BAL,WR,24,2,10,92.01979322,46.11318244,128.576979,,,,,,
2540269,C.J. Anderson,DEN,RB,26,4,5,143.435319,120.3311853,168.9492533,1,,,,,
2552430,Tyler Lockett,SEA,WR,25,2,6,91.93528276,65.66369664,112.302255,,,,,,
2506340,Alex Smith,KC,QB,33,12,10,216.8323714,197.54,239.4699705,,,,,,
2540169,Robert Woods,LAR,WR,25,4,9,91.24350685,70.11215917,102.9376813,,,,,,
2506264,Robbie Gould,SF,K,35,12,11,106.4964704,92,113.7918338,,,,,,
2550353,Allen Hurns,JAC,WR,26,3,8,90.57885054,75.76497611,101.4901765,,,,,,
100032,Redskins,WAS,DST,NA,NA,5,142.5282691,10,106.3828692,,,,,,
238457,Zach Miller,CHI,TE,33,8,9,66.05584047,44.82707819,87.40115578,,,,,,
2557858,Evan Engram,NYG,TE,23,0,8,65.95489668,58.32873974,72.54877607,,,,,,
2557986,David Njoku,CLE,TE,21,0,9,65.80366084,52.12602221,81.13063733,,,,,,
2553432,Kevin White,CHI,WR,24,2,9,88.61260643,66.02453054,109.653131,,,,,,
925,Jamaal Charles,DEN,RB,31,9,5,87.70298011,60.50426481,103.1984278,2,,,,,
2555408,Roberto Aguayo,TB,K,23,1,11,103.0592218,58.61536896,122.0748289,,,,,,
2553648,Andrew Franks,MIA,K,24,2,11,102.8070696,83.2,112.0862429,,,,,,
2555223,Devontae Booker,DEN,RB,25,1,5,72.83172241,47.38773997,89.75439546,3,,,,,
2534797,Greg Zuerlein,LAR,K,30,5,9,102.0198393,84.2,112.0489484,,,,,,
2557850,DeAngelo Henderson,DEN,RB,25,0,5,21.34386364,0,34.142425,4,,,,,
497302,Brandon LaFell,CIN,WR,31,7,6,85.78471815,49.6936446,108.2871163,,,,,,
2555432,Andy Janovich,DEN,RB,24,1,5,9.001752727,0,16.97887949,4,,,,,
100029,49ers,SF,DST,NA,NA,11,137.3260852,10,101.3357878,,,,,,
2555346,Will Fuller,HOU,WR,23,1,7,84.71290227,67.42727652,98.53274169,,,,,,
2552633,Jesse James,PIT,TE,23,2,9,61.4158098,29.08305407,76.902528,,,,,,
2555295,Sterling Shepard,NYG,WR,NA,1,8,83.39426121,31.524,103.4504837,,,,,,
2557863,Zay Jones,BUF,WR,22,0,6,83.05193107,62.8122085,101.714524,,,,,,
2535724,Dominique Jones,FA,TE,30,5,NA,59.9,0,48.18119186,,,,,,
2552458,Devin Funchess,CAR,WR,23,2,11,82.59568041,69.89742203,92.51404038,,,,,,
2550263,Juwan Thompson,DEN,RB,25,3,5,0.705958573,-0.416129032,1.540348837,4,,,,,
2495470,Stevan Ridley,DEN,RB,28,6,5,0,0,0,4,,,,,
2558066,Curtis Samuel,CAR,WR,21,0,11,81.94822446,32.33026063,107.740238,,,,,,
497095,Sam Bradford,MIN,QB,30,7,9,206.7405078,184.7844,216.903372,,,,,,
2539205,Terrance Williams,DAL,WR,28,4,6,81.090805,48.88213533,94.58227295,,,,,,
497238,Jermaine Gresham,ARI,TE,29,7,8,57.93292743,45.3622085,65.16435644,,,,,,
2533046,Dwayne Allen,NE,TE,27,5,9,57.62484716,20.01024171,78.65797062,,,,,,
2555343,Josh Doctson,WAS,WR,NA,1,5,80.04873751,44.74844209,107.0609,,,,,,
382,Joe Flacco,BAL,QB,32,9,10,204.9249051,148.9561372,227.3209004,,,,,,
2533545,Bernard Pierce,DEN,RB,26,5,5,0,0,0,4,,,,,
2556379,Zac Brooks,DEN,RB,24,1,5,0,0,0,4,,,,,
2556462,Robby Anderson,NYJ,WR,24,1,11,77.99381113,51.23715526,89.50876757,,,,,,
2533444,Randy Bullock,CIN,K,28,5,6,93.33652309,13.1,123.4933889,,,,,,
2552374,Ameer Abdullah,DET,RB,24,2,7,120.7202207,88.36318244,144.6272183,1,,,,,
2540020,Theo Riddick,DET,RB,26,4,7,109.1618292,79.39318244,120.4422522,2,,,,,
2540215,Vance McDonald,SF,TE,27,4,11,54.4686421,34.84513032,77.02022191,,,,,,
2553631,Zach Zenner,DET,RB,NA,NA,7,57.14814628,32.083,77.80582437,4,,,,,
2530515,Chris Hogan,NE,WR,29,6,9,74.53230016,45.76399673,99.10169258,,,,,,
2495258,Matt Asiata,DET,RB,30,6,7,48.4688462,-1.50974802,67.29996988,3,,,,,
2558010,John Ross,CIN,WR,NA,0,6,72.80691245,4.101234568,104.880392,,,,,,
2495826,Vernon Davis,WAS,TE,33,11,5,49.67685262,28.804,64.01360439,,,,,,
2558172,Jake Elliott,CIN,K,22,0,6,86.57374177,0.442784126,117.7659,,,,,,
2556118,Dwayne Washington,DET,RB,NA,1,7,26.60697118,-1.012360415,48.30051965,4,,,,,
2552636,Michael Burton,DET,RB,25,2,7,0.462365591,0,0.78372093,4,,,,,
2540224,Mike James,DET,RB,26,4,7,0.226051136,0,0.420810398,4,,,,,
2495459,Torrey Smith,PHI,WR,28,6,10,69.35768903,25.0022085,96.8559518,,,,,,
2553737,Eli Rogers,PIT,WR,NA,NA,9,69.12651382,51.77556881,79.81931059,,,,,,
2550405,Erik Swoope,IND,TE,25,3,11,46.17938602,23.816,57.83008585,,,,,,
2495979,DeAngelo Williams,FA,RB,34,11,NA,11.15488308,0,16.79119266,,,,,,
2542022,Khiry Robinson,FA,RB,28,4,NA,5.455913978,0,8.119360465,,,,,,
2495189,Jeremy Kerley,SF,WR,29,6,11,66.39761471,46.08131101,86.95166201,,,,,,
2530690,DuJuan Harris,FA,RB,29,6,NA,4.716129032,0,7.018430233,,,,,,
2506122,Benjamin Watson,BAL,TE,37,13,10,42.46394597,13.6,64.26775899,,,,,,
2532790,Travis Benjamin,LAC,WR,28,5,8,65.37232559,52.03721101,76.11451615,,,,,,
2550380,Cody Parkey,CLE,K,25,3,9,80.502477,13.7,100.254966,,,,,,
497145,Joique Bell,FA,RB,31,7,NA,4.669892473,0,7.915581395,,,,,,
2543683,Austin Seferian-Jenkins,NYJ,TE,25,3,11,41.6544855,30.58598843,55.00913651,,,,,,
2552424,Phillip Dorsett,IND,WR,24,2,11,64.51418259,44.8245253,85.83797,,,,,,
2552652,Chris Conley,KC,WR,25,2,10,64.41593737,45.12020343,75.83638729,,,,,,
2550597,Seth Roberts,OAK,WR,NA,NA,10,64.07387563,54.947,73.77497471,,,,,,
2532887,Jermaine Kearse,SEA,WR,27,5,6,64.05622873,47.94605387,72.70806103,,,,,,
2550474,Antonio Andrews,FA,RB,25,3,NA,3.837634409,0,5.711075581,,,,,,
2555466,Tyler Boyd,CIN,WR,23,1,6,62.8939081,0,74.40908,,,,,,
2495288,Virgil Green,DEN,TE,29,6,5,39.720786,21.16534924,51.75945041,,,,,,
2534770,Jonathan Grimes,FA,RB,28,5,NA,3.23655914,0,4.816569767,,,,,,
2495467,Taiwan Jones,FA,RB,29,6,NA,2.828618114,0,4.916360856,,,,,,
2557889,Gerald Everett,LAR,TE,23,0,9,38.79381004,13.64513032,51.88130189,,,,,,
2541316,Ryan Griffin,HOU,TE,27,4,7,38.49625264,30.52736896,43.92768385,,,,,,
2555364,Tyler Higbee,LAR,TE,24,1,9,38.31970733,22.3,48.36666772,,,,,,
2553830,Will Tye,NYG,TE,NA,NA,8,38.264357,3.093179724,50.38212856,,,,,,
89798,Antone Smith,FA,RB,32,8,NA,2.589247312,0,3.853255814,,,,,,
2539291,Markus Wheaton,CHI,WR,26,4,9,60.17266952,26.64577262,84.81809217,,,,,,
2539303,Zach Line,FA,RB,27,4,NA,2.12688172,0,3.165174419,,,,,,
2552397,Clive Walford,OAK,TE,26,2,10,37.04952579,24.32380655,48.69758108,,,,,,
2539995,Mychal Rivera,JAC,TE,27,4,8,36.99839077,0,48.5860068,,,,,,
2558846,Mike Williams,LAC,WR,23,0,8,59.59287889,1.804156379,102.814197,,,,,,
2558178,Zane Gonzalez,CLE,K,NA,0,9,74.16727559,0.1,100.7246,,,,,,
2556365,Seth DeValve,CLE,TE,24,1,9,35.47401669,23.632,47.18988282,,,,,,
2553895,Adam Humphries,TB,WR,NA,NA,11,57.87730669,33.13163662,77.03718897,,,,,,
230,Jerome Felton,FA,RB,31,9,NA,1.572043011,0,2.339476744,,,,,,
2495453,Andre Holmes,BUF,WR,29,6,6,56.80813331,26.12856352,84.210216,,,,,,
2539964,Marquise Goodwin,SF,WR,27,4,11,56.71537658,41.1215753,70.441991,,,,,,
2543794,Crockett Gillmore,BAL,TE,26,3,10,33.07226365,14.6,41.90502733,,,,,,
2534820,Garrett Celek,SF,TE,29,5,11,33.06804476,3.894825681,51.4860346,,,,,,
2495888,Marcedes Lewis,JAC,TE,33,11,8,33.0410615,26,41.38650831,,,,,,
2550284,Trey Burton,PHI,TE,26,3,10,32.90945441,17.00415638,45.96196678,,,,,,
2541834,Josh Hill,NO,TE,27,4,5,32.30896471,19.51415638,42.90941743,,,,,,
2506874,Reggie Bush,FA,RB,32,11,NA,0.924731183,0,1.56744186,,,,,,
2540200,Dion Sims,CHI,TE,26,4,9,31.75802319,20.47476101,42.776393,,,,,,
2495187,Lance Kendricks,GB,TE,29,6,8,30.46979494,11.18345638,46.920479,,,,,,
2539315,Stepfan Taylor,FA,RB,26,4,NA,0.184946237,0,0.275232558,,,,,,
927,Justin Forsett,FA,RB,32,9,NA,0,0,0,,,,,,
2558052,Kenny Golladay,DET,WR,24,0,7,51.7690701,17.91517568,76.8915312,,,,,,
71345,Rashad Jennings,FA,RB,32,8,NA,0,0,0,,,,,,
2557885,Jordan Leggett,NYJ,TE,22,0,11,28.6942011,1.542208505,51.25972036,,,,,,
2530660,Kamar Aiken,IND,WR,28,6,11,51.24525887,21.2022085,84.62344079,,,,,,
497190,Dexter McCluster,FA,RB,29,7,NA,0,0,0,,,,,,
2555214,Laquon Treadwell,MIN,WR,22,1,9,50.29789234,11.16026063,76.82337,,,,,,
2543491,Paul Richardson,SEA,WR,25,3,6,50.19366876,23.25490387,66.18078434,,,,,,
2536342,Brandon Bostick,FA,TE,28,5,NA,27.1,0,21.7981686,,,,,,
100001,Falcons,ATL,DST,NA,NA,5,102.1689669,96.5,111.1882966,,,,,,
2530700,Dontrelle Inman,LAC,WR,28,4,8,49.64962156,25.67702993,76.79790406,,,,,,
2558150,ArDarius Stewart,NYJ,WR,NA,0,11,48.88557799,0,56.96074857,,,,,,
2558266,George Kittle,SF,TE,24,0,11,25.91034353,0,34.37497893,,,,,,
100031,Buccaneers,TB,DST,NA,NA,11,101.0840417,62.4,118.3764535,,,,,,
2550521,Xavier Grimble,PIT,TE,25,3,9,25.53779639,9.789436304,41.31066611,,,,,,
2558207,Jonnu Smith,TEN,TE,22,0,8,25.43785876,4.063182442,35.51460366,,,,,,
2558105,Chris Godwin,TB,WR,21,0,11,48.00422586,13.22123457,76.58992535,,,,,,
2550328,Brandon Coleman,NO,WR,25,3,5,47.95950754,39.39546565,59.85756803,,,,,,
497206,James Starks,FA,RB,31,7,NA,0,0,0,,,,,,
2527672,Will Tukuafu,FA,RB,33,7,NA,0,0,0,,,,,,
2541199,Luke Willson,SEA,TE,27,4,6,24.33743666,11.28554387,33.41231927,,,,,,
2550313,Richard Rodgers,GB,TE,25,3,8,23.94215161,6.084544219,32.32478388,,,,,,
2557898,Cooper Kupp,LAR,WR,24,0,9,46.62999993,0,56.62664929,,,,,,
2534437,Austin Johnson,FA,RB,28,4,NA,0,0,0,,,,,,
2555216,Malcolm Mitchell,NE,WR,24,1,9,46.57082457,7.193494601,68.08631368,,,,,,
497254,Dennis Pitta,FA,TE,32,7,NA,23.34946237,0,34.74811047,,,,,,
2550272,Albert Wilson,KC,WR,25,3,10,45.92481969,28.0920753,61.78983027,,,,,,
2552580,A.J. Derby,DEN,TE,26,2,5,22.92192736,12.32913419,29.56859885,,,,,,
2555317,Tajae Sharpe,TEN,WR,23,1,8,45.67965465,4.304965648,70.90841277,,,,,,
2540203,Levine Toilolo,ATL,TE,26,4,5,22.253973,12.62410387,29.16810715,,,,,,
2552399,Jeff Heuerman,DEN,TE,25,2,5,22.21131428,9.25688495,37.85430792,,,,,,
2532853,Ladarius Green,FA,TE,27,5,NA,22.10107527,0,32.8902907,,,,,,
2532977,Kendall Wright,CHI,WR,28,5,9,44.82540279,27.48888495,54.32356908,,,,,,
2558144,Adam Shaheen,CHI,TE,23,0,9,21.74636595,0.056104252,30.28538513,,,,,,
100015,Jaguars,JAC,DST,NA,NA,8,96.62413231,73,113.2138895,,,,,,
2555311,Jerell Adams,NYG,TE,25,1,8,21.02814203,-0.108513011,37.03353652,,,,,,
2541388,Brice Butler,DAL,WR,27,4,6,43.93750795,0,56.16116293,,,,,,
2534789,Daryl Richardson,FA,RB,27,5,NA,0,0,0,,,,,,
2534871,Derrick Coleman,FA,RB,27,5,NA,0,0,0,,,,,,
100018,Raiders,OAK,DST,NA,NA,10,96.24569551,65,110.7348837,,,,,,
2532841,Michael Floyd,MIN,WR,28,5,9,43.69182972,21.60696777,57.23766252,,,,,,
2552468,Maxx Williams,BAL,TE,23,2,10,20.45345574,10,32.14,,,,,,
2556460,Geronimo Allison,GB,WR,23,1,8,43.18513687,12.41398958,58.82775102,,,,,,
2550163,Michael Campanaro,BAL,WR,26,3,10,42.94290948,19.59318244,66.48637751,,,,,,
2539260,Denard Robinson,FA,RB,27,4,NA,0,0,0,,,,,,
2540145,Cordarrelle Patterson,OAK,WR,26,4,10,42.39885028,22.3677753,61.78888616,,,,,,
497224,Ed Dickson,CAR,TE,30,7,11,19.45090963,12.4,25.3353753,,,,,,
2539341,Montee Ball,FA,RB,27,4,NA,0,0,0,,,,,,
2495835,Anthony Fasano,MIA,TE,33,11,11,19.24369708,11.77894171,27.69890565,,,,,,
2507218,Brent Celek,PHI,TE,32,10,10,19.24322058,9.614015795,29.29182708,,,,,,
2540171,Joseph Randle,FA,RB,26,4,NA,0,0,0,,,,,,
2556463,Stephen Anderson,HOU,TE,24,1,7,18.29324929,10.57823746,29.89366469,,,,,,
2507225,Nick Folk,TB,K,33,10,11,56.5882822,3.066202189,95.67274109,,,,,,
2532933,Brian Quick,WAS,WR,28,5,5,41.1349865,-0.424000764,69.08623248,,,,,,
2558049,Michael Roberts,DET,TE,23,0,7,18.10099811,6.115980032,29.17139366,,,,,,
2557870,Taywan Taylor,TEN,WR,NA,0,8,40.91984397,0,48.11345,,,,,,
2541187,Demetrius Harris,KC,TE,26,4,10,17.20634374,0,26.97781606,,,,,,
2543481,Jace Amaro,TEN,TE,25,3,8,16.74861171,-0.133737023,36.34764681,,,,,,
2540225,Tommy Bohanon,FA,RB,27,4,NA,0,0,0,,,,,,
2540928,Darren Fells,DET,TE,31,5,7,16.0589464,10.15701083,22.890768,,,,,,
2532835,Rhett Ellison,NYG,TE,29,5,8,15.96061304,6.00296153,21.69004489,,,,,,
2543502,Tre Mason,FA,RB,24,3,NA,0,0,0,,,,,,
2550546,Philly Brown,BUF,WR,26,3,6,38.12829341,20.87026063,51.5854675,,,,,,
100022,Saints,NO,DST,NA,NA,5,90.3781015,73.4,108.0150029,,,,,,
81294,Brian Hoyer,SF,QB,32,8,11,162.9727127,134.8122,197.1331581,,,,,,
2555486,Temarrick Hemingway,LAR,TE,24,1,9,14.66641695,0,32.01043595,,,,,,
2505587,Anquan Boldin,FA,WR,37,14,NA,37.54408602,0,55.8722093,,,,,,
2540211,Gavin Escobar,KC,TE,26,4,10,14.20837333,-1.885424701,27.89575006,,,,,,
324,Jacob Tamme,FA,TE,32,9,NA,14.09469655,0,23.05143731,,,,,,
2557859,Jake Butt,DEN,TE,22,0,5,14.00320581,0,21.53686047,,,,,,
2552491,Dorial Green-Beckham,FA,WR,24,2,NA,36.48697553,24.22667078,48.22575988,,,,,,
2543596,Dri Archer,FA,RB,26,3,NA,0,0,0,,,,,,
2552559,C.J. Uzomah,CIN,TE,24,2,6,13.0407803,7.453641457,18.52066055,,,,,,
2552396,Ben Koyack,JAC,TE,24,2,8,12.77720939,0,22.95969061,,,,,,
2552408,Darren Waller,BAL,TE,25,2,10,12.71505376,0,21.55232558,,,,,,
2550596,Darrin Reaves,FA,RB,24,3,NA,0,0,0,,,,,,
2552586,Tyler Kroft,CIN,TE,25,2,6,11.99931193,2.215842093,20.24107689,,,,,,
2552376,David Cobb,FA,RB,24,2,NA,0,0,0,,,,,,
2552418,Justin Hardy,ATL,WR,26,2,5,34.78804109,12.76346762,54.03488289,,,,,,
2558011,Bucky Hodges,MIN,TE,22,0,9,11.65644934,0.983182442,19.120307,,,,,,
2540259,MarQueis Gray,MIA,TE,27,4,11,11.62299684,0,24.44292798,,,,,,
2552402,Nick Boyle,BAL,TE,24,2,10,11.5702972,0,18.41596615,,,,,,
2558023,Eric Saubert,ATL,TE,23,0,5,11.55779683,6.130358647,15.63458116,,,,,,
2552380,Karlos Williams,FA,RB,24,2,NA,0,0,0,,,,,,
2555477,Charone Peake,NYJ,WR,25,1,11,34.25983337,25.84368187,43.58117447,,,,,,
2555348,Braxton Miller,HOU,WR,25,1,7,34.01655168,21.97,45.31006446,,,,,,
2541966,Jaron Brown,ARI,WR,27,4,8,33.55197345,22.7222085,48.22108686,,,,,,
2552476,Kenny Hilliard,FA,RB,26,2,NA,0,0,0,,,,,,
2543628,Troy Niklas,ARI,TE,25,3,8,10.07306883,0,19.98223641,,,,,,
497246,Michael Hoomanawanui,NO,TE,29,7,5,10.00225699,0,17.93579043,,,,,,
2552403,Nick OLeary,BUF,TE,25,2,6,9.89011271,0,18.05713795,,,,,,
2555306,David Morgan,MIN,TE,24,1,9,9.870856057,5.486583914,14.70179561,,,,,,
2508097,Andrew Hawkins,NE,WR,31,6,9,32.65844567,0,34.41048,,,,,,
2649,Danny Amendola,NE,WR,32,9,9,32.49939072,7.60675387,45.39396474,,,,,,
100005,Bears,CHI,DST,NA,NA,9,84.39396919,68,104.9579119,,,,,,
2550198,Bennie Fowler,DEN,WR,26,3,5,31.93094412,10.22865349,44.8829488,,,,,,
2553486,Trey Williams,FA,RB,25,2,NA,0,0,0,,,,,,
2552470,Sammie Coates,PIT,WR,24,2,9,31.42309935,12.81288958,43.14811445,,,,,,
2553618,Brandon Wegher,FA,RB,NA,NA,NA,0,0,0,,,,,,
2556375,Rico Gathers,DAL,TE,23,1,6,8.35091358,0,14.40387356,,,,,,
2555289,Nick Vannett,SEA,TE,NA,1,6,8.18236647,0,16.32295337,,,,,,
2558149,JuJu Smith-Schuster,PIT,WR,21,0,9,30.55918321,0.090260631,44.158999,,,,,,
2553767,George Farmer,FA,RB,24,2,NA,0,0,0,,,,,,
2553451,Neal Sterling,JAC,TE,NA,NA,8,7.574252812,0,13.82347789,,,,,,
2553848,Dreamius Smith,FA,RB,NA,NA,NA,0,0,0,,,,,,
2555462,Kelvin Taylor,FA,RB,24,1,NA,0,0,0,,,,,,
2507828,Logan Paulsen,SF,TE,30,7,11,7.168507952,0,12.89483047,,,,,,
2541944,Russell Shepard,CAR,WR,27,4,11,30.01371205,7.899063521,44.48904994,,,,,,
2535535,Phillip Supernaw,TEN,TE,27,5,8,7.046347199,0,13.27062451,,,,,,
2552463,Jaelen Strong,HOU,WR,23,2,7,29.72353879,10.21629171,51.54732532,,,,,,
2541147,Charles Johnson,CAR,WR,28,4,11,29.56229301,24.7,35.06059871,,,,,,
2535138,Greg Scruggs,NE,TE,27,5,9,6.4,0,5.147906977,,,,,,
2533028,James Hanna,DAL,TE,28,5,6,6.354543554,0,10.00510638,,,,,,
2556544,Glenn Gronkowski,FA,RB,24,1,NA,0,0,0,,,,,,
80427,Darrius Heyward-Bey,PIT,WR,30,8,9,29.02555287,6.017879933,45.85718969,,,,,,
2556592,Roger Lewis,NYG,WR,24,1,8,28.93986977,-0.499574701,51.39407202,,,,,,
2556563,Don Jackson,FA,RB,24,1,NA,0,0,0,,,,,,
2556728,Brandon Burks,FA,RB,24,1,NA,0,0,0,,,,,,
2495347,Lee Smith,OAK,TE,30,6,10,5.80991369,0,10.85437854,,,,,,
497258,Andrew Quarless,FA,TE,29,7,NA,5.8,5.8,5.8,,,,,,
2556854,Devon Johnson,FA,RB,24,1,NA,0,0,0,,,,,,
2556478,Ben Braunecker,CHI,TE,23,1,9,5.620998599,0,8.72278902,,,,,,
2558003,Carlos Henderson,DEN,WR,23,0,5,28.50545668,0,49.39057802,,,,,,
2557886,Jeremy Sprinkle,WAS,TE,23,0,5,5.567194781,0,8.367985,,,,,,
2495341,Cecil Shorts,FA,WR,30,6,NA,27.8074715,0,44.61370542,,,,,,
222,Harry Douglas,TEN,WR,33,9,8,27.77385476,-0.66098397,51.47075129,,,,,,
100010,Lions,DET,DST,NA,NA,7,80.15550068,49.1,98.58335258,,,,,,
2539275,Mike Glennon,CHI,QB,28,4,9,152.6723075,117.5482457,175.5195939,,,,,,
2553454,Geoff Swaim,DAL,TE,NA,NA,6,4.459535377,0,8.337627209,,,,,,
2555473,Ricardo Louis,CLE,WR,NA,1,9,27.27107801,8.971222791,39.62021303,,,,,,
2558864,Mason Schreck,CIN,TE,NA,0,6,4.290809328,0,5.75161,,,,,,
2552600,Nelson Agholor,PHI,WR,24,2,10,27.19281388,7.876441329,35.63903346,,,,,,
79589,David Johnson,PIT,TE,30,8,9,4.19801399,0,7.033776388,,,,,,
2495331,Aldrick Robinson,SF,WR,29,6,11,27.10922504,0,41.14879765,,,,,,
2495211,Niles Paul,WAS,TE,28,6,5,4.126816334,0,7.764349329,,,,,,
2553667,Matt LaCosse,NYG,TE,NA,NA,8,4.097832647,0,7.068048632,,,,,,
2552478,Blake Bell,SF,TE,26,2,11,3.912389385,-0.138286096,7.854538327,,,,,,
2552429,Ty Montgomery,GB,RB,24,2,8,148.0470252,129.3,161.0232055,1,,,,,
2495234,Luke Stocker,TB,TE,29,6,11,3.807133017,0,6.381741756,,,,,,
2558204,Jamaal Williams,GB,RB,NA,0,8,69.20804417,33.03539095,88.92303103,2,,,,,
2558208,Chad Williams,ARI,WR,23,0,8,26.40358885,0.59,43.30255319,,,,,,
2553606,Jordan Taylor,DEN,WR,25,2,5,26.32458687,-1.769205399,36.447925,,,,,,
2558116,Aaron Jones,GB,RB,23,0,8,34.77322102,6.695390947,58.48873625,3,,,,,
71435,John Phillips,NO,TE,30,8,5,2.991334314,-0.096358543,6.187758721,,,,,,
2553318,James OShaughnessy,NE,TE,NA,NA,9,2.890811168,-0.152232219,6.683784469,,,,,,
2550206,Ryan Hewitt,CIN,TE,26,3,6,2.884036197,0,5.339367124,,,,,,
2556453,Hakeem Valles,ARI,TE,25,1,8,2.782735254,-0.126364883,4.183134347,,,,,,
2541096,Ifeanyi Momah,ARI,TE,28,4,8,2.774193548,0,4.128488372,,,,,,
2553554,Matt Lengel,NE,TE,NA,NA,9,2.737310606,0,4.731914894,,,,,,
2552477,Aaron Ripkowski,GB,RB,NA,NA,8,33.4985606,0,55.52574922,4,,,,,
2532978,Jarius Wright,MIN,WR,28,5,9,25.5070685,9.282525299,37.17262936,,,,,,
2558837,Devante Mays,GB,RB,NA,0,8,3.59936553,-0.11,5.48595,4,,,,,
2552660,Randall Telfer,CLE,TE,25,2,9,2.460130415,0,4.887624586,,,,,,
2539645,Brandon Williams,IND,TE,30,5,11,2.45296207,-0.130114286,5.257393578,,,,,,
2543767,Logan Thomas,BUF,TE,26,3,6,2.219354839,0,3.761860465,,,,,,
2533034,Lamar Miller,HOU,RB,26,5,7,176.3781972,167.2,180.3396429,1,,,,,
2535943,Sean McGrath,LAC,TE,30,5,8,2.11104765,0,3.441941349,,,,,,
2552622,Chris Manhertz,CAR,TE,NA,NA,11,2.072786548,-0.039630058,5.05797042,,,,,,
497234,Garrett Graham,FA,TE,31,7,NA,1.842782446,0,3.793127907,,,,,,
100007,Browns,CLE,DST,NA,NA,9,76.83408246,55.9,92.59393313,,,,,,
2534241,Derek Carrier,WAS,TE,27,5,5,1.413434314,-0.096358543,2.958537791,,,,,,
497242,Clay Harbor,NO,TE,30,7,5,1.412405742,-0.096358543,2.946915698,,,,,,
2552401,MyCole Pruitt,CHI,TE,25,2,9,1.369427171,-0.096358543,2.83875,,,,,,
2557994,DOnta Foreman,HOU,RB,21,0,7,55.35103911,13.67123457,73.45685736,3,,,,,
2543600,Alfred Blue,HOU,RB,26,3,7,37.92310222,22.34,58.02614111,2,,,,,
2556708,Cole Wick,DET,TE,24,1,7,1.191107143,0,2.866860465,,,,,,
2553660,Akeem Hunt,HOU,RB,24,2,7,13.60650063,3.463182442,21.50181839,4,,,,,
2537931,Josh Gordon,CLE,WR,26,5,9,23.53909465,0,31.55295,,,,,,
2555419,Pharoh Cooper,LAR,WR,22,1,9,23.46644392,8.463341711,40.04676898,,,,,,
2539202,Chris Gragg,NYJ,TE,27,4,11,0.529517045,0,0.985733945,,,,,,
2543646,Bruce Ellington,SF,WR,26,3,11,23.34169167,5.344549158,44.02251675,,,,,,
2508112,Rob Housler,FA,TE,29,6,NA,0.328349381,0,0.567703364,,,,,,
2555234,Tyler Ervin,HOU,RB,24,1,7,4.16523603,-1.444869684,9.789439205,4,,,,,
2533353,Cory Harkey,LAR,TE,27,5,9,0.295182073,0,0.541860465,,,,,,
2507405,Matthew Mulligan,DET,TE,32,9,7,0.29410061,0,0.412278287,,,,,,
497320,Andre Roberts,ATL,WR,29,7,5,23.02014654,8.832208505,37.82510113,,,,,,
2553682,Wes Saxton,WAS,TE,24,2,5,0.049477304,0,0.074477064,,,,,,
2541768,Tim Wright,FA,TE,27,4,NA,0.01349381,0,0.023330275,,,,,,
2552462,Gerald Christian,ARI,TE,26,2,8,0,0,0,,,,,,
2537933,Larry Donnell,BAL,TE,29,5,10,0,0,0,,,,,,
2553900,Daniel Brown,CHI,TE,NA,NA,9,0,0,0,,,,,,
2495620,Clark Harris,CIN,TE,33,10,6,0,0,0,,,,,,
2555218,Dan Vitale,CLE,TE,NA,1,9,0,0,0,,,,,,
2553552,Khari Lee,DET,TE,NA,NA,7,0,0,0,,,,,,
1060,Gary Barnidge,FA,TE,32,9,NA,0,0,0,,,,,,
89766,Brandon Myers,FA,TE,32,8,NA,0,0,0,,,,,,
497226,Jim Dray,FA,TE,31,7,NA,0,0,0,,,,,,
2499277,David Ausberry,FA,TE,30,6,NA,0,0,0,,,,,,
2507486,Kellen Davis,FA,TE,32,9,NA,0,0,0,,,,,,
2539197,Michael Williams,FA,TE,27,4,NA,0,0,0,,,,,,
2550243,Justin Perillo,FA,TE,26,3,NA,0,0,0,,,,,,
2550278,Blake Annen,FA,TE,26,3,NA,0,0,0,,,,,,
2551359,Jerome Cunningham,FA,TE,26,3,NA,0,0,0,,,,,,
2553292,Kennard Backman,FA,TE,24,2,NA,0,0,0,,,,,,
2553791,E.J. Bibbs,FA,TE,26,2,NA,0,0,0,,,,,,
2553840,Brian Parker,FA,TE,NA,NA,NA,0,0,0,,,,,,
2555487,Beau Sandland,GB,TE,24,1,8,0,0,0,,,,,,
2558832,Mo Alie-Cox,IND,TE,24,1,11,0,0,0,,,,,,
2533047,Orson Charles,KC,TE,26,5,10,0,0,0,,,,,,
2542357,James Winchester,KC,TE,28,2017,10,0,0,0,,,,,,
2550454,Asante Cleveland,LAC,TE,25,3,8,0,0,0,,,,,,
2539208,Chris Pantale,MIA,TE,27,4,11,0,0,0,,,,,,
2555483,Thomas Duarte,MIA,TE,22,1,11,0,0,0,,,,,,
2558783,Nick Truesdell,MIN,TE,27,1,9,0,0,0,,,,,,
79625,Bear Pascoe,NE,TE,31,8,9,0,0,0,,,,,,
2539283,Jake Stoneburner,NO,TE,28,4,5,0,0,0,,,,,,
2506619,Daniel Fells,NYG,TE,34,11,8,0,0,0,,,,,,
2536071,Cooper Helfet,OAK,TE,28,6,10,0,0,0,,,,,,
2541512,Brian Leonhardt,OAK,TE,27,4,10,0,0,0,,,,,,
2553658,Gabe Holmes,OAK,TE,NA,NA,10,0,0,0,,,,,,
2556818,Ryan OMalley,OAK,TE,24,2017,10,0,0,0,,,,,,
2550608,RaShaun Allen,SEA,TE,27,3,6,0,0,0,,,,,,
2553465,Rory Anderson,SF,TE,25,2,11,0,0,0,,,,,,
2506410,Alex Smith,WAS,TE,35,12,5,0,0,0,,,,,,
2550356,Marcel Jensen,WAS,TE,27,3,5,0,0,0,,,,,,
2543695,Jay Prosch,HOU,RB,25,3,7,2.243783438,0,4.464749659,4,,,,,
2507883,Jeff Cumberland,LAC,TE,30,7,8,-0.100875602,-0.19,-0.025636388,,,,,,
2559362,Dare Ogunbowale,HOU,RB,NA,0,7,0,0,0,4,,,,,
2555468,Rashard Higgins,CLE,WR,23,1,9,22.08865798,5.789458505,35.48264104,,,,,,
2506404,Frank Gore,IND,RB,34,12,11,139.8275232,93.6,162.8256942,1,,,,,
2540151,Justin Hunter,PIT,WR,26,4,9,21.70328066,-0.192717087,37.33744186,,,,,,
2539203,Cobi Hamilton,PIT,WR,27,4,9,21.5758472,-0.192717087,32.13280428,,,,,,
2533460,Robert Turbin,IND,RB,28,5,11,81.19275555,57.90519673,98.64947177,3,,,,,
2507855,Victor Cruz,CHI,WR,31,7,9,21.431326,2.664,35.48893578,,,,,,
2558123,Marlon Mack,IND,RB,NA,0,11,45.59301217,0,70.64209302,4,,,,,
2556606,Jalin Marshall,NYJ,WR,NA,1,11,20.21473001,0,42.08812509,,,,,,
2556411,Josh Ferguson,IND,RB,24,1,11,13.42627158,-0.349048256,27.468402,4,,,,,
2557905,Amara Darboh,SEA,WR,23,0,6,19.83227665,2.131723173,38.58604275,,,,,,
2506400,Vincent Jackson,FA,WR,34,12,NA,19.79541953,0,29.79759633,,,,,,
2555209,Chris Moore,BAL,WR,24,1,10,19.73740831,5.305130316,33.0507272,,,,,,
2539322,Christine Michael,IND,RB,27,4,11,9.59122085,0,12.85654,2,,,,,
2557531,Troymaine Pope,IND,RB,24,1,11,2.100827171,-0.096358543,3.422514535,4,,,,,
2552578,Tyler Varga,IND,RB,24,2,11,0,0,0,4,,,,,
2558194,Josh Reynolds,LAR,WR,22,0,9,19.14724711,0,27.25105857,,,,,,
2555331,Cody Core,CIN,WR,23,1,6,19.12122918,-0.172681844,32.89367825,,,,,,
2558254,Robert Davis,WAS,WR,22,0,5,18.93004115,0,25.37475,,,,,,
2556396,Chester Rogers,IND,WR,23,1,11,18.89586687,7.04,31.21647922,,,,,,
2557973,Leonard Fournette,JAC,RB,21,0,8,174.424194,138.916,194.1739755,1,,,,,
2552471,T.J. Yeldon,JAC,RB,24,2,8,66.08321937,41.9722085,95.27575116,2,,,,,
2539250,Quinton Patton,FA,WR,27,4,NA,18.19143791,0,30.56337209,,,,,,
2507999,Chris Ivory,JAC,RB,29,7,8,55.61541996,33.34358457,83.41920501,3,,,,,
2543836,T.J. Jones,DET,WR,25,3,7,17.9935258,0,35.83990219,,,,,,
2553650,Corey Grant,JAC,RB,NA,NA,8,19.48451163,-0.426598256,36.62356975,4,,,,,
2543590,Cody Latimer,DEN,WR,25,3,5,16.14866022,-0.184805781,28.46895955,,,,,,
2540204,Spencer Ware,KC,RB,26,4,10,147.3279264,131.9202225,158.2023035,1,,,,,
2535988,Brittan Golden,ARI,WR,29,5,8,16.02873688,-1.274312542,39.21097061,,,,,,
2557917,Kareem Hunt,KC,RB,22,0,10,92.43052363,45.673,104.7761183,4,,,,,
2558129,Isaiah McKenzie,DEN,WR,22,0,5,15.92472871,5.02184973,25.89208511,,,,,,
2553725,Bradley Marquez,LAR,WR,NA,NA,9,15.88201713,-0.273615359,38.65180966,,,,,,
2550268,Charcandrick West,KC,RB,26,3,10,43.07508983,13.29858746,65.37210564,2,,,,,
497204,C.J. Spiller,KC,RB,30,7,10,7.546668627,-0.192717087,12.8265625,3,,,,,
2543759,Ryan Grant,WAS,WR,27,3,5,15.1300928,0,26.04248252,,,,,,
2528181,Bryan Walters,FA,WR,30,7,NA,14.91533418,0,25.41329392,,,,,,
2533533,Rueben Randle,CHI,WR,26,5,9,14.75525568,0,32.26211009,,,,,,
2555215,Leonte Carroo,MIA,WR,23,1,11,14.54123013,6.403182442,23.24041947,,,,,,
2558127,Josh Malone,CIN,WR,21,0,6,14.42569974,2.306882285,25.45595137,,,,,,
2495340,Anthony Sherman,KC,RB,29,6,10,2.214740098,0,4.219326327,4,,,,,
2540177,Marquess Wilson,NYJ,WR,25,4,11,14.33623011,-0.385434174,33.94244186,,,,,,
2552469,Melvin Gordon,LAC,RB,24,2,8,193.994815,180.7131824,202.5158875,1,,,,,
2558069,Chad Hansen,NYJ,WR,22,0,11,14.08749874,0,17.20542412,,,,,,
2550658,Branden Oliver,LAC,RB,26,3,8,41.85218877,33.04513032,53.15412947,3,,,,,
2535964,Josh Bellamy,CHI,WR,28,5,9,13.69750338,0,27.23254965,,,,,,
2558202,Trent Taylor,SF,WR,23,0,11,13.40614401,0,18.03774958,,,,,,
2539289,Kenjon Barner,LAC,RB,28,4,8,28.26427376,0,47.4164,4,,,,,
1990,Eddie Royal,FA,WR,31,9,NA,13.2509216,0,19.94631193,,,,,,
2556801,Kenneth Farrow,LAC,RB,24,1,8,20.6381197,-1.394162542,39.9069115,2,,,,,
2543565,Andre Williams,LAC,RB,25,3,8,18.45192921,0,35.72633246,4,,,,,
2555220,Derek Watt,LAC,RB,25,1,8,2.885794899,0,4.300196647,4,,,,,
2555478,Demarcus Robinson,KC,WR,NA,1,10,12.34927946,0,22.03930373,,,,,,
2552475,Todd Gurley,LAR,RB,23,2,9,179.9130863,156.0992867,191.0407409,1,,,,,
2557960,Ryan Switzer,DAL,WR,23,0,6,12.28101008,-0.515843621,23.39242804,,,,,,
2558095,Malachi Dupre,GB,WR,22,0,8,12.0263786,0,12.760515,,,,,,
2535708,Lance Dunbar,LAR,RB,27,5,9,50.26045586,23.2922085,69.49520099,2,,,,,
2495223,Greg Salas,FA,WR,29,6,NA,11.86,11.86,11.86,,,,,,
2552382,Malcolm Brown,LAR,RB,24,2,9,13.28166217,1.763182442,23.791012,3,,,,,
2558258,Shelton Gibson,PHI,WR,22,0,10,11.33780952,0,14.86594071,,,,,,
2539235,Tavarres King,NYG,WR,27,4,8,11.26108902,0,19.52885321,,,,,,
2535869,Rod Streater,BUF,WR,29,5,6,11.13778725,-0.385434174,23.41246221,,,,,,
2558196,Sam Rogers,LAR,RB,22,0,9,2.878882956,-0.111589227,6.919320907,4,,,,,
2534436,Deonte Thompson,CHI,WR,28,5,9,10.95201921,-1.518700764,21.71798477,,,,,,
2559163,Justin Davis,LAR,RB,NA,0,9,0,0,0,4,,,,,
2543750,Jeff Janis,GB,WR,26,3,8,10.62902563,-0.19778397,19.17913193,,,,,,
2558262,Mack Hollins,PHI,WR,24,0,10,10.54944082,0,13.97955,,,,,,
2552421,Kenny Bell,BAL,WR,25,2,10,10.53785872,-0.160174157,26.30711535,,,,,,
2556399,Tevaun Smith,IND,WR,24,1,11,10.41878464,0,17.97059149,,,,,,
2556541,Aaron Green,LAR,RB,25,1,9,-0.044979367,-0.1,-0.014485597,4,,,,,
2555413,Trevor Davis,GB,WR,24,1,8,10.2306669,-0.494869684,21.67788193,,,,,,
2557866,Jehu Chesson,KC,WR,24,0,10,9.797750378,0,12.63098952,,,,,,
81306,Brandon Tate,BUF,WR,30,8,6,9.758372713,0,18.22243053,,,,,,
2552582,Jay Ajayi,MIA,RB,24,2,11,187.6228041,157.5631824,204.7605916,1,,,,,
2550512,Damien Williams,MIA,RB,25,3,11,52.43333584,27.2,78.67969407,2,,,,,
2555230,Kenyan Drake,MIA,RB,NA,1,11,39.03889894,16.32060387,59.87819715,3,,,,,
2543619,Walt Powell,BUF,WR,26,3,6,9.41600254,-0.414974701,21.06822567,,,,,,
2531049,Chris Matthews,BAL,WR,28,4,10,9.386779448,-0.551172177,22.12549963,,,,,,
2556785,Paul Turner,PHI,WR,24,1,10,9.236972334,-0.24008397,19.20260678,,,,,,
2543570,Storm Johnson,MIA,RB,25,3,11,0,0,0,4,,,,,
2550633,Senorise Perry,MIA,RB,26,3,11,0,0,0,4,,,,,
2535966,Brenton Bersin,CAR,WR,27,4,11,8.86029829,0,15.70492547,,,,,,
2557991,Dalvin Cook,MIN,RB,22,0,9,125.9536297,47.727,152.7548772,1,,,,,
2541161,Latavius Murray,MIN,RB,27,4,9,116.2773215,78.45401708,143.4882589,2,,,,,
2550183,Jeremy Butler,BUF,WR,26,3,6,8.524921221,-0.17663397,18.46428822,,,,,,
2543746,Josh Huff,TB,WR,26,3,11,8.485424411,-0.096358543,17.64058487,,,,,,
2543715,Jerick McKinnon,MIN,RB,25,3,9,66.09247742,38.05344307,86.18400061,3,,,,,
2556803,C.J. Ham,MIN,RB,24,1,9,3.968308642,0,6.844642249,4,,,,,
2553457,Trevor Siemian,DEN,QB,NA,NA,5,133.6081529,84.10690877,170.8171128,,,,,,
2543682,Bishop Sankey,MIN,RB,25,3,9,1.746477273,0,3.251192661,4,,,,,
2556473,Jace Billingsley,DET,WR,24,1,7,8.135028409,0,13.58588685,,,,,,
2539663,Mike Gillislee,NE,RB,27,4,9,140.901503,0,151.2219213,1,,,,,
2543638,DeAnthony Thomas,KC,WR,24,3,10,7.907494961,0,13.28971476,,,,,,
2556805,Johnny Holton,OAK,WR,26,1,10,7.834081974,-3.141736695,17.41157016,,,,,,
2543773,James White,NE,RB,25,3,9,108.587168,86.45976377,129.8326457,2,,,,,
2539265,Rex Burkhead,NE,RB,27,4,9,81.90277521,59.79928669,101.0686257,3,,,,,
2495469,Dion Lewis,NE,RB,27,6,9,74.6802794,58.02636488,90.68055524,4,,,,,
2556528,D.J. Foster,NE,RB,NA,1,9,6.91,0,5.6506525,4,,,,,
2552425,Rashad Greene,JAC,WR,25,2,8,7.489041827,0,12.00731088,,,,,,
2558047,Rodney Adams,MIN,WR,23,0,9,7.463633929,0,12.48336758,,,,,,
2508101,James Develin,NE,RB,29,7,9,2.576109786,0,4.490092681,4,,,,,
2532797,Brandon Bolden,NE,RB,27,5,9,1.564061485,-0.192717087,2.676549419,4,,,,,
2505936,Steven Jackson,NE,RB,34,13,9,0,0,0,4,,,,,
2558025,DeAngelo Yancey,GB,WR,23,0,8,7.309780521,0.27,10.7617325,,,,,,
2540279,Nick Williams,ATL,WR,27,4,5,7.126662885,-0.096358543,15.43984709,,,,,,
2556612,Tanner McEvoy,SEA,WR,24,1,6,7.036066944,-0.096358543,14.69991128,,,,,,
71417,Jordan Norwood,FA,WR,31,8,NA,7.027956989,0,10.45883721,,,,,,
2495466,Mark Ingram,NO,RB,28,6,5,161.8172057,151.4,174.3600351,1,,,,,
2507164,Adrian Peterson,NO,RB,32,10,5,117.7451234,93.12295972,132.7717016,2,,,,,
2558019,Alvin Kamara,NO,RB,21,0,5,58.75882341,46.92441701,74.26366207,3,,,,,
2535890,Travaris Cadet,NO,RB,28,5,5,26.67290778,-0.925490196,49.54263609,4,,,,,
2556381,Mike Thomas,LAR,WR,23,1,9,6.880567901,0,11.86778298,,,,,,
2506147,John Kuhn,NO,RB,35,11,5,20.78266566,12.448,32.32038356,4,,,,,
2555219,Daniel Lasco,NO,RB,25,1,5,8.246748599,-0.096358543,15.448035,4,,,,,
2495159,Dwayne Harris,NYG,WR,30,6,8,6.661249497,2.288,9.864447405,,,,,,
2556404,Maurice Harris,WAS,WR,25,1,5,6.581977423,0,12.43006,,,,,,
2555460,Paul Perkins,NYG,RB,23,1,8,149.0889789,130.6805213,163.5278389,1,,,,,
2495473,Shane Vereen,NYG,RB,28,6,8,83.32734783,68.86831276,89.52639514,2,,,,,
2557952,Wayne Gallman,NYG,RB,23,0,8,30.03027878,15.12,46.88706369,4,,,,,
2495461,Shaun Draughn,NYG,RB,30,6,8,29.63199201,0,50.63908869,4,,,,,
2558071,Isaiah Ford,MIA,WR,21,0,11,6.521528425,0,9.7186,,,,,,
2532835,Rhett Ellison,NYG,RB,29,5,8,24,24,24,4,,,,,
2557896,Stacy Coley,MIN,WR,NA,0,9,6.366449208,0,9.57325,,,,,,
2550481,Orleans Darkwa,NYG,RB,25,3,8,9.481547199,-0.192717087,14.83680734,3,,,,,
163982,Will Johnson,NYG,RB,28,6,8,1.540118871,-0.3,2.33877907,4,,,,,
2541910,George Winn,NYG,RB,27,4,8,0.030965909,0,0.05764526,4,,,,,
2550270,Nikita Whitlock,NYG,RB,NA,NA,8,0,0,0,4,,,,,
2495328,Bilal Powell,NYJ,RB,29,6,11,145.3712422,133.2173388,151.4385206,1,,,,,
2550223,Freddie Martino,TB,WR,26,3,11,5.886862885,-0.096358543,12.31193895,,,,,,
2558091,Noah Brown,DAL,WR,NA,0,6,5.796085741,0,8.47548,,,,,,
2558856,David Moore,SEA,WR,22,0,6,5.79218107,0,6.913,,,,,,
234,Matt Forte,NYJ,RB,32,9,11,129.4597182,122.1624691,145.1903677,2,,,,,
2556752,Tommylee Lewis,NO,WR,25,1,5,5.700260756,0,8.822764195,,,,,,
2552627,DeAndre Smelter,SF,WR,26,2,11,5.690680045,-0.160494684,13.41947431,,,,,,
2550459,Javontee Herndon,LAC,WR,26,3,8,5.53696011,0,8.33466055,,,,,,
2557934,Elijah McGuire,NYJ,RB,23,0,11,30.40358923,2.362208505,53.97831794,3,,,,,
2495472,Jordan Todman,NYJ,RB,27,6,11,1.790811485,-0.192717087,3.2063525,4,,,,,
2552647,Marcus Murphy,NYJ,RB,26,2,11,0.335717873,-2.583895748,2.608869295,4,,,,,
2495663,Marshawn Lynch,OAK,RB,31,10,10,170.4251187,157.8,186.5406198,1,,,,,
2555464,DeAndre Washington,OAK,RB,24,1,10,73.40243469,56.31370889,82.71978458,2,,,,,
2532900,Keshawn Martin,DET,WR,27,5,7,4.967005602,-1.214565826,11.01511628,,,,,,
2556885,Jalen Richard,OAK,RB,24,1,10,72.93729643,60.57918495,85.97234041,3,,,,,
2552650,Mario Alford,CLE,WR,NA,NA,9,4.94205802,-0.446584503,11.29267341,,,,,,
2536044,Jamize Olawale,OAK,RB,28,5,10,19.25533655,0,38.97572632,4,,,,,
2550540,George Atkinson,OAK,RB,25,3,10,8.33140069,-0.458842632,13.40172188,4,,,,,
2558113,Elijah Hood,OAK,RB,NA,0,10,7.834948599,0,14.128745,4,,,,,
2553511,John Crockett,OAK,RB,25,2,10,1.913107657,-0.138709677,3.613895349,4,,,,,
497149,LeGarrette Blount,PHI,RB,31,7,10,126.26567,103.9199902,151.9757458,1,,,,,
2506467,Darren Sproles,PHI,RB,34,12,10,97.33474471,92.2,100.8587182,2,,,,,
497188,Ryan Mathews,PHI,RB,30,7,10,77.69593532,-4.584560347,105.9264181,3,,,,,
2555461,Wendell Smallwood,PHI,RB,23,1,10,48.30092456,0,51.23767925,4,,,,,
2559150,Corey Clement,PHI,RB,NA,0,10,0,0,0,4,,,,,
2540175,LeVeon Bell,PIT,RB,25,4,9,260.8533981,248.1047325,269.8843613,1,,,,,
2557978,James Conner,PIT,RB,22,0,9,39.05126791,0.473182442,51.13182988,2,,,,,
2550738,Fitzgerald Toussaint,PIT,RB,27,3,9,19.47993083,3.10959711,35.7049153,3,,,,,
2540178,Knile Davis,PIT,RB,26,4,9,17.23732331,-0.354005781,38.872757,4,,,,,
2550235,Roosevelt Nix,PIT,RB,NA,NA,9,1.774771668,0,3.749085106,4,,,,,
2553617,Terrell Watson,PIT,RB,24,2,9,0,0,0,4,,,,,
2553662,Gus Johnson,PIT,RB,24,2,9,0,0,0,4,,,,,
2540168,Eddie Lacy,SEA,RB,26,4,6,133.6971488,100.5541564,145.8848351,1,,,,,
2555417,C.J. Prosise,SEA,RB,23,1,6,88.43362732,64.20933671,112.941322,3,,,,,
2553733,Thomas Rawls,SEA,RB,24,2,6,77.17367023,54.10358958,105.4983139,2,,,,,
2555430,Alex Collins,SEA,RB,23,1,6,16.75277703,-1.214565826,29.47424159,4,,,,,
2556440,J.D. McKissic,SEA,RB,24,1,6,14.95618656,0,25.79682067,4,,,,,
4433,Marcel Reece,SEA,RB,32,9,6,11.28499534,0,20.85395349,4,,,,,
2558865,Chris Carson,SEA,RB,23,0,6,10.59475196,-0.33,20.896325,4,,,,,
2553439,Mike Davis,SEA,RB,24,2,6,7.126751894,0,11.31833333,4,,,,,
2553446,Malcolm Johnson,SEA,RB,25,2,6,1.387096774,0,2.351162791,4,,,,,
2556603,Tre Madden,SEA,RB,24,1,6,0,0,0,4,,,,,
2543743,Carlos Hyde,SF,RB,26,3,11,149.8202986,135.7722085,162.0889055,1,,,,,
4383,Tim Hightower,SF,RB,31,9,11,61.76252899,29.17185774,88.67423644,2,,,,,
2557936,Joe Williams,SF,RB,24,0,11,59.95339528,10.53707819,97.33012481,3,,,,,
2540230,Kyle Juszczyk,SF,RB,26,4,11,25.33930545,0,35.9880192,4,,,,,
2550542,Kapri Bibbs,SF,RB,24,3,11,20.32802577,0,32.63863,4,,,,,
2553728,Raheem Mostert,SF,RB,NA,NA,11,8.502405303,0,16.51376,4,,,,,
2558918,Matt Breida,SF,RB,22,0,11,0,0,0,4,,,,,
2532899,Doug Martin,TB,RB,28,5,11,109.5725044,5.495,137.3597225,1,,,,,
2543770,Charles Sims,TB,RB,27,3,11,101.1768438,73.94513032,121.6445285,3,,,,,
2495471,Jacquizz Rodgers,TB,RB,27,6,11,61.88649251,58.4,65.73464427,2,,,,,
2557977,Jeremy McNichols,TB,RB,22,0,11,18.14040937,0.722208505,37.34363404,4,,,,,
2556466,Peyton Barber,TB,RB,23,1,11,11.52199006,-0.192717087,18.94531804,4,,,,,
2556547,Russell Hansbrough,TB,RB,24,1,11,0,0,0,4,,,,,
2495207,DeMarco Murray,TEN,RB,29,6,8,190.4278546,178.343,199.8299581,1,,,,,
2556075,Derrick Henry,TEN,RB,23,1,8,108.2971835,90.79590673,118.3953977,2,,,,,
2558861,Khalfani Muhammad,TEN,RB,23,0,8,10.54755682,0,14.1631375,3,,,,,
2552464,Jalston Fowler,TEN,RB,NA,NA,8,1.450924712,-0.082959025,3.253699162,4,,,,,
2556414,Rob Kelley,WAS,RB,25,1,5,115.7649983,93.3,140.8934539,1,,,,,
2540011,Chris Thompson,WAS,RB,27,4,5,87.20519545,74.855,93.04507847,2,,,,,
2558138,Samaje Perine,WAS,RB,22,0,5,80.89784819,25.14026063,119.7722252,3,,,,,
2552635,Matt Jones,WAS,RB,25,2,5,57.73254778,-2.130909091,87.74175935,2,,,,,
2553867,Mack Brown,WAS,RB,NA,NA,5,17.44855967,0,23.3889,4,,,,,
2555459,Keith Marshall,WAS,RB,23,1,5,3.589242424,0,5.9839,4,,,,,
2550529,Silas Redd,WAS,RB,25,3,5,0,0,0,4,,,,,
2540261,Corey Fuller,NO,WR,27,4,5,4.532226395,-0.481792717,10.35557379,,,,,,
2556519,Alex Erickson,CIN,WR,25,1,6,4.282422698,-0.524060033,7.953220745,,,,,,
2556697,Bryce Treggs,PHI,WR,23,1,10,4.192725033,-0.105056195,10.00368471,,,,,,
2552428,Tre McBride,TEN,WR,25,2,8,4.179926932,-0.226561876,9.982575283,,,,,,
497270,Arrelious Benn,JAC,WR,29,7,8,4.142655742,-0.096358543,8.758139535,,,,,,
2558063,Deshaun Watson,HOU,QB,22,0,7,129.0477595,-0.65,177.61448,,,,,,
2556212,Devin Fuller,ATL,WR,23,1,5,3.711213819,0,6.612209302,,,,,,
1037885,Marc Mariani,FA,WR,30,7,NA,3.560215054,0,5.298226744,,,,,,
2553621,Lucky Whitehead,NYJ,WR,NA,NA,11,3.326730562,-0.997710594,7.624316257,,,,,,
2559014,Ishmael Zamora,OAK,WR,22,0,10,2.87,2.87,2.87,,,,,,
2539217,Andre Ellington,ARI,WR,28,4,8,2.7,2.7,2.7,,,,,,
2553876,Donteea Dye,TB,WR,NA,NA,11,2.407992424,0,4.066544343,,,,,,
2543641,Devin Street,HOU,WR,26,3,7,2.308940865,-0.416129032,4.50255814,,,,,,
2539256,Aaron Dobson,ARI,WR,26,4,8,2.265763762,-0.138709677,4.954186047,,,,,,
2556144,Daniel Braverman,CHI,WR,24,1,9,2.233704116,-0.138709677,4.206337209,,,,,,
2541828,Frankie Hammond,FA,WR,NA,NA,NA,2.198168561,0,4.124425795,,,,,,
2552420,Keith Mumphery,FA,WR,25,2,NA,2.12688172,0,3.165174419,,,,,,
2555362,Aaron Burbridge,SF,WR,24,1,11,1.872186975,-1.021848739,4.321207951,,,,,,
2556190,Jakeem Grant,MIA,WR,25,1,11,1.533472081,0,2.926849841,,,,,,
2543774,Jared Abbrederis,DET,WR,27,3,7,1.502320076,0,2.810650456,,,,,,
2550733,Kevin Smith,SEA,WR,NA,NA,6,1.410685976,0,2.262269113,,,,,,
2530598,Jeremy Ross,ARI,WR,29,6,8,1.407560976,0,2.849551451,,,,,,
2550182,Isaiah Burse,LAC,WR,26,3,8,1.341766936,-0.221138546,3.077310638,,,,,,
2553467,Quan Bray,IND,WR,NA,NA,11,1.313238636,0,2.317051672,,,,,,
2505076,Josh McCown,NYJ,QB,38,15,11,126.5099311,68.26,169.0605007,,,,,,
2541940,Rashad Ross,SF,WR,27,4,11,1.151471802,0,1.733284404,,,,,,
2555370,Jordan Payton,CLE,WR,24,1,9,0.921515152,0,1.657021277,,,,,,
2507029,Eric Weems,TEN,WR,32,10,8,0.793569676,-0.185034294,1.856834043,,,,,,
2550162,James Wright,CLE,WR,26,3,9,0.726900761,-0.138709677,1.651395349,,,,,,
80425,Percy Harvin,FA,WR,29,8,NA,0.53,0.53,0.53,,,,,,
2555334,Jared Goff,LAR,QB,23,1,9,125.4461475,86.724,158.1674732,,,,,,
2556743,Chris Hubert,ARI,WR,24,1,8,0,0,0,,,,,,
2559286,Krishawn Hogan,ARI,WR,NA,0,8,0,0,0,,,,,,
2535876,Griff Whalen,BAL,WR,27,5,10,0,0,0,,,,,,
2552431,Vince Mayle,BAL,WR,NA,NA,10,0,0,0,,,,,,
2552651,Kaelin Clay,BAL,WR,25,2,10,0,0,0,,,,,,
497286,Marcus Easley,BUF,WR,30,7,6,0,0,0,,,,,,
2552411,Dezmin Lewis,BUF,WR,25,2,6,0,0,0,,,,,,
2556851,Keyarris Garrett,CAR,WR,25,1,11,0,0,0,,,,,,
2558993,Fred Ross,CAR,WR,NA,0,11,0,0,0,,,,,,
2553874,Titus Davis,CHI,WR,24,2,9,0,0,0,,,,,,
2553716,Rannell Hall,CLE,WR,24,2,9,0,0,0,,,,,,
2553526,Antwan Goodley,DAL,WR,26,2,6,0,0,0,,,,,,
2540005,Marlon Brown,DEN,WR,26,4,5,0,0,0,,,,,,
2553829,Andrew Turzilli,DET,WR,NA,NA,7,0,0,0,,,,,,
184,Donnie Avery,FA,WR,33,9,NA,0,0,0,,,,,,
206,Andre Caldwell,FA,WR,32,9,NA,0,0,0,,,,,,
768,Steve Johnson,FA,WR,31,9,NA,0,0,0,,,,,,
497190,Dexter McCluster,FA,WR,29,7,NA,0,0,0,,,,,,
497312,Preston Parker,FA,WR,30,7,NA,0,0,0,,,,,,
2532850,T.J. Graham,FA,WR,28,5,NA,0,0,0,,,,,,
2533038,Justin Blackmon,FA,WR,27,5,NA,0,0,0,,,,,,
2539674,Rodney Smith,FA,WR,27,4,NA,0,0,0,,,,,,
2540157,Stedman Bailey,FA,WR,27,4,NA,0,0,0,,,,,,
2540181,Josh Boyce,FA,WR,26,4,NA,0,0,0,,,,,,
2541429,B.J. Daniels,FA,WR,28,4,NA,0,0,0,,,,,,
2541883,Eric Rogers,FA,WR,26,4,NA,0,0,0,,,,,,
2541905,Myles White,FA,WR,27,4,NA,0,0,0,,,,,,
2550216,Jonathan Krause,FA,WR,NA,NA,NA,0,0,0,,,,,,
2550413,Corey Washington,FA,WR,26,3,NA,0,0,0,,,,,,
2550415,Tony Washington,FA,WR,27,2,NA,0,0,0,,,,,,
2552657,DeAndrew White,FA,WR,NA,NA,NA,0,0,0,,,,,,
2553434,Devin Smith,FA,WR,NA,NA,NA,0,0,0,,,,,,
2553548,Jake Kumerow,FA,WR,NA,NA,NA,0,0,0,,,,,,
2553652,Chris Harper,FA,WR,NA,NA,NA,0,0,0,,,,,,
2553652,Chris Harper,FA,WR,NA,NA,NA,0,0,0,,,,,,
2553692,Rasheed Bailey,FA,WR,NA,NA,NA,0,0,0,,,,,,
2554138,Kasen Williams,FA,WR,NA,2,NA,0,0,0,,,,,,
2554138,Kasen Williams,FA,WR,NA,2,NA,0,0,0,,,,,,
2555350,Kolby Listenbee,FA,WR,23,1,NA,0,0,0,,,,,,
2555573,Anthony Dable,FA,WR,NA,2017,NA,0,0,0,,,,,,
2556392,Mekale McKay,FA,WR,24,1,NA,0,0,0,,,,,,
2556636,Marquez North,FA,WR,22,1,NA,0,0,0,,,,,,
2550359,Seantavius Jones,KC,WR,25,3,10,0,0,0,,,,,,
2552479,DaRon Brown,KC,WR,26,2,10,0,0,0,,,,,,
2552654,Geremy Davis,LAC,WR,25,2,8,0,0,0,,,,,,
2556686,Nelson Spruce,LAR,WR,25,1,9,0,0,0,,,,,,
2553729,Tyler Murphy,MIA,WR,NA,NA,11,0,0,0,,,,,,
2553668,Jordan Leslie,MIN,WR,NA,NA,9,0,0,0,,,,,,
2556261,Moritz Boehringer,MIN,WR,NA,1,9,0,0,0,,,,,,
4487,Matthew Slater,NE,WR,32,9,9,0,0,0,,,,,,
81288,Brandon Gibson,NE,WR,30,8,9,0,0,0,,,,,,
2556185,Devin Lucien,NE,WR,24,1,9,0,0,0,,,,,,
2553802,R.J. Harris,NO,WR,25,2,5,0,0,0,,,,,,
2556882,Jake Lampman,NO,WR,24,1,5,0,0,0,,,,,,
2559101,Travin Dural,NO,WR,NA,0,5,0,0,0,,,,,,
2543689,Kevin Norwood,NYG,WR,28,3,8,0,0,0,,,,,,
2532923,Chris Owusu,NYJ,WR,27,5,11,0,0,0,,,,,,
2553896,Darius Jennings,NYJ,WR,NA,NA,11,0,0,0,,,,,,
2558950,Keon Hatcher,OAK,WR,23,0,10,0,0,0,,,,,,
497260,Seyi Ajirotutu,PHI,WR,30,7,10,0,0,0,,,,,,
2554138,Kasen Williams,SEA,WR,NA,2,6,0,0,0,,,,,,
2554138,Kasen Williams,SEA,WR,NA,2,6,0,0,0,,,,,,
2554138,Kasen Williams,SEA,WR,NA,2,6,0,0,0,,,,,,
2554138,Kasen Williams,SEA,WR,NA,2,6,0,0,0,,,,,,
2555471,Kenny Lawler,SEA,WR,23,1,6,0,0,0,,,,,,
2552413,Dres Anderson,SF,WR,25,2,11,0,0,0,,,,,,
2553502,DeAndre Carter,SF,WR,24,2,11,0,0,0,,,,,,
2543792,Matt Hazel,WAS,WR,25,3,5,0,0,0,,,,,,
2556569,Andy Jones,DAL,WR,NA,1,6,-0.219857955,-0.71,-0.092944234,,,,,,
2555356,Keenan Reynolds,BAL,WR,24,1,10,-0.651702474,-1.29,-0.15381833,,,,,,
2555387,Cody Kessler,CLE,QB,24,1,9,124.2769439,74.75292181,170.1508344,,,,,,
2556577,Marshall Koehn,FA,K,25,1,NA,13.7,13.7,13.7,,,,,,
2507401,Dan Carpenter,FA,K,32,9,NA,4.207526882,0,6.261540698,,,,,,
2543533,Patrick Murray,CLE,K,26,3,9,1.6,1.6,1.6,,,,,,
2506386,Mike Nugent,FA,K,35,12,NA,0,0,0,,,,,,
2556521,Kaimi Fairbairn,HOU,K,23,1,7,0,0,0,,,,,,
2542060,Jordan Gay,TEN,K,NA,NA,8,0,0,0,,,,,,
2543640,Tom Savage,HOU,QB,27,3,7,77.53724207,16.39786008,131.8793557,,,,,,
2555316,Paxton Lynch,DEN,QB,23,1,5,63.94437617,4.898,96.13749034,,,,,,
2557983,DeShone Kizer,CLE,QB,21,0,9,45.80259079,-0.696,67.48063143,,,,,,
2555416,Christian Hackenberg,NYJ,QB,22,1,11,37.69948363,0,65.37486201,,,,,,
2506581,Ryan Fitzpatrick,TB,QB,35,12,11,28.31740027,0.761684312,53.16156268,,,,,,
2533436,Brock Osweiler,CLE,QB,27,5,9,27.78213695,1.7524,40.96423415,,,,,,
2558008,Mitchell Trubisky,CHI,QB,23,0,9,24.86639729,-0.032504801,42.08890761,,,,,,
2552576,Sean Mannion,LAR,QB,25,2,9,17.31785667,-5.616504801,43.67871264,,,,,,
2543465,Teddy Bridgewater,MIN,QB,25,3,9,16.92674861,3.4064,26.94915488,,,,,,
2552369,Bryce Petty,NYJ,QB,26,2,11,16.44000639,1.029547325,31.38892777,,,,,,
2539308,Matt Barkley,SF,QB,27,4,11,13.06756898,0,32.38646228,,,,,,
2558167,Joshua Dobbs,PIT,QB,22,0,9,10.47599451,-3,15.85738,,,,,,
2506546,Derek Anderson,CAR,QB,34,12,11,9.824534518,0.890068587,19.2468013,,,,,,
2507282,Matt Moore,MIA,QB,33,10,11,9.657496564,-1.560718705,21.82964178,,,,,,
2495748,Drew Stanton,ARI,QB,33,10,8,9.448802968,-13.30953086,22.82504903,,,,,,
2506562,Matt Cassel,TEN,QB,35,12,8,9.356880768,1.071495199,14.999346,,,,,,
2495441,Blaine Gabbert,ARI,QB,28,6,8,9.076052561,0,16.51282196,,,,,,
2539287,Landry Jones,PIT,QB,28,4,9,9.038072231,-5.353478738,18.38244269,,,,,,
2543497,AJ McCarron,CIN,QB,27,3,6,8.254205733,1.100521262,16.63636736,,,,,,
2558125,Patrick Mahomes,KC,QB,NA,0,10,8.188339342,0.102,12.59709602,,,,,,
2532888,Case Keenum,MIN,QB,29,5,9,8.068597846,1.58441701,12.22545924,,,,,,
2557922,C.J. Beathard,SF,QB,24,0,11,7.761887517,0,8.648549544,,,,,,
2555426,Cardale Jones,LAC,QB,25,1,8,7.266355019,-0.148930041,14.25854483,,,,,,
2557869,Chad Kelly,DEN,QB,23,0,5,6.75994513,0,9.06136,,,,,,
2543801,Jimmy Garoppolo,NE,QB,26,3,9,6.576225236,0.319443073,14.06730587,,,,,,
2532842,Nick Foles,PHI,QB,28,5,10,6.362053591,1.38441701,11.80570172,,,,,,
2495425,Scott Tolzien,IND,QB,30,6,11,5.671273472,0.491495199,10.44011129,,,,,,
2557897,Davis Webb,NYG,QB,22,0,8,5.069958848,0,6.79602,,,,,,
2556477,Trevone Boykin,SEA,QB,24,1,6,4.971009054,0,9.919686376,,,,,,
2552588,Brett Hundley,GB,QB,24,2,8,4.934323369,0.074521262,8.76875725,,,,,,
2555332,Connor Cook,OAK,QB,24,1,10,4.783097737,-0.096139809,9.074442221,,,,,,
2555263,Kevin Hogan,CLE,QB,25,1,9,4.272096833,-0.202368437,9.209093617,,,,,,
2558191,Nathan Peterman,BUF,QB,23,0,6,4.200466392,0,4.804595745,,,,,,
497123,Colt McCoy,WAS,QB,31,7,5,3.949015883,0.340521262,6.669642589,,,,,,
2539335,Geno Smith,NYG,QB,27,4,8,3.800315448,-0.30358299,7.98478485,,,,,,
2533349,Austin Davis,SEA,QB,28,5,6,3.212,3.212,3.212,,,,,,
2558016,Brad Kaaya,DET,QB,22,0,7,3.028806584,0,4.05996,,,,,,
2508123,T.J. Yates,BUF,QB,30,6,6,2.979429518,-2.024071527,5.9497834,,,,,,
2532917,Kellen Moore,DAL,QB,28,5,6,2.946922995,1.564599818,4.154261931,,,,,,
2505982,Matt Schaub,ATL,QB,36,13,5,2.72602677,0.442469136,4.6488096,,,,,,
2556232,Jake Rudock,DET,QB,24,1,7,2.693934553,0.236469136,4.142581763,,,,,,
2539228,EJ Manuel,OAK,QB,27,4,10,2.253718546,0,3.830905,,,,,,
252,Chad Henne,JAC,QB,32,9,8,1.75960333,-0.77558299,2.982290578,,,,,,
2532970,Brandon Weeden,HOU,QB,34,5,7,1.74138901,0.042543629,3.103339574,,,,,,
81284,Chase Daniel,NO,QB,31,8,5,1.656859848,-0.06,2.429075,,,,,,
2506895,Kellen Clemens,LAC,QB,34,11,8,1.528107106,0.003443073,2.786732384,,,,,,
2542065,Matt McGloin,PHI,QB,28,4,10,1.417098571,0,2.7322815,,,,,,
2552371,Garrett Grayson,NO,QB,26,2,5,1.391826608,-0.054156379,3.073240122,,,,,,
2555427,Nate Sudfeld,WAS,QB,24,1,5,1.3739369,0,2.047646,,,,,,
2555261,Jacoby Brissett,NE,QB,25,1,9,1.176406036,0,1.576912,,,,,,
1037347,Joe Webb,CAR,QB,31,7,11,1.071056241,0,1.596248,,,,,,
2495443,Ryan Mallett,BAL,QB,29,6,10,1.059991012,-3.24758299,2.82077234,,,,,,
2555262,Jeff Driskel,CIN,QB,24,1,6,0.906447188,0,1.215046,,,,,,
79858,Mark Sanchez,CHI,QB,31,8,9,0.719277143,-0.236,1.525386,,,,,,
2539961,Ryan Nassib,NO,QB,27,4,5,0.392866941,0,0.526618,,,,,,
2504833,Shaun Hill,FA,QB,NA,NA,NA,0.147956989,0,0.220186047,,,,,,
2506481,Dan Orlovsky,LAR,QB,34,12,9,0.064119292,0,0.137616279,,,,,,
2550252,Connor Shaw,CHI,QB,26,3,9,0,0,0,,,,,,
2495181,Jerrod Johnson,DAL,QB,29,6,6,0,0,0,,,,,,
2506053,Luke McCown,DAL,QB,36,13,6,0,0,0,,,,,,
2550410,Dustin Vaughan,DAL,QB,26,3,6,0,0,0,,,,,,
497135,Tim Tebow,FA,QB,30,7,NA,0,0,0,,,,,,
2495186,Colin Kaepernick,FA,QB,30,6,NA,0,0,0,,,,,,
2495215,Christian Ponder,FA,QB,29,6,NA,0,0,0,,,,,,
2495824,Jay Cutler,FA,QB,34,11,NA,0,0,0,,,,,,
2505354,Tony Romo,FA,QB,37,14,NA,0,0,0,,,,,,
2533033,Robert Griffin,FA,QB,27,5,NA,0,0,0,,,,,,
2534870,Alex Tanney,FA,QB,30,5,NA,0,0,0,,,,,,
2534889,Matt Simms,FA,QB,29,5,NA,0,0,0,,,,,,
2539258,Zac Dysert,FA,QB,27,4,NA,0,0,0,,,,,,
2543462,Johnny Manziel,FA,QB,25,3,NA,0,0,0,,,,,,
2543587,Aaron Murray,FA,QB,27,3,NA,0,0,0,,,,,,
2543784,Keith Wenning,FA,QB,26,3,NA,0,0,0,,,,,,
2549982,Garrett Gilbert,FA,QB,26,3,NA,0,0,0,,,,,,
2556687,Joel Stave,FA,QB,25,1,NA,0,0,0,,,,,,
2556492,Joe Callahan,GB,QB,24,1,8,0,0,0,,,,,,
2550376,Stephen Morris,IND,QB,25,3,11,0,0,0,,,,,,
2540173,Tyler Bray,KC,QB,26,4,10,0,0,0,,,,,,
2543751,David Fales,MIA,QB,27,3,11,0,0,0,,,,,,
2555302,Brandon Doughty,MIA,QB,26,1,11,0,0,0,,,,,,
367,Matt Flynn,NO,QB,32,9,5,0,0,0,,,,,,
264,Josh Johnson,NYG,QB,31,9,8,0,0,0,,,,,,
2495838,Bruce Gradkowski,PIT,QB,34,11,9,0,0,0,,,,,,
2541185,Ryan Griffin,TB,QB,28,4,11,0,0,0,,,,,,
2543605,Zach Mettenberger,FA,QB,26,3,NA,-0.068368638,-0.152,-0.022018107,,,,,,
2540263,Sean Renfree,FA,QB,27,4,NA,-0.133138927,-0.296,-0.053798,,,,,,
